firstName,lastName,gender,email
Vannie,O'Deegan,F,vodeegan0@apple.com
Land,Lowther,M,llowther1@washington.edu
Shani,Narramor,F,snarramor2@zdnet.com
Lila,Chadwen,F,lchadwen3@fda.gov
Annice,Hartright,F,ahartright4@constantcontact.com
Lorinda,Ciccotti,F,lciccotti5@shareasale.com
Yelena,Toohey,F,ytoohey6@stumbleupon.com
Karlens,Zecchetti,M,kzecchetti7@japanpost.jp
Eduard,Decaze,M,edecaze8@simplemachines.org
Edsel,Adelberg,M,eadelberg9@networkadvertising.org
Rudy,Banes,M,rbanesa@squarespace.com
Verge,Bartrap,M,vbartrapb@newyorker.com
Aylmer,Ratcliffe,M,aratcliffec@si.edu
Shaw,Ascroft,M,sascroftd@imageshack.us
Sioux,Selly,F,ssellye@addtoany.com
Franky,Kerry,F,fkerryf@zimbio.com
Mady,Hutcheon,F,mhutcheong@icq.com
Meryl,Cromie,M,mcromieh@blogger.com
Christabella,Rapi,F,crapii@addtoany.com
Tiertza,Sindell,F,tsindellj@wp.com
Floris,Chatfield,F,fchatfieldk@kickstarter.com
Blondy,Chable,F,bchablel@google.nl
Even,Liven,M,elivenm@naver.com
Sancho,Sandbach,M,ssandbachn@wiley.com
Joyous,Keaton,F,jkeatono@360.cn
Kelwin,Jacomb,M,kjacombp@furl.net
Rhett,Bebbell,M,rbebbellq@auda.org.au
Clemmie,Hartness,M,chartnessr@vimeo.com
Monti,De Luna,M,mdelunas@narod.ru
Abbe,Gouldstone,M,agouldstonet@mapquest.com
Amby,Lordon,M,alordonu@un.org
Davita,Pellman,F,dpellmanv@senate.gov
Milton,Gowanlock,M,mgowanlockw@cargocollective.com
Hatty,Sturgeon,F,hsturgeonx@cdbaby.com
Alic,Cullabine,M,acullabiney@meetup.com
Blondell,Liepins,F,bliepinsz@reddit.com
Ronalda,Lipprose,F,rlipprose10@themeforest.net
Niall,Harmston,M,nharmston11@webs.com
Staffard,Robbins,M,srobbins12@sitemeter.com
Nicky,Giberd,M,ngiberd13@imgur.com
Inez,Cruden,F,icruden14@dagondesign.com
Lisabeth,Tant,F,ltant15@icio.us
Trescha,Dillingstone,F,tdillingstone16@flickr.com
Felisha,Zorzini,F,fzorzini17@theguardian.com
Valdemar,Montfort,M,vmontfort18@yandex.ru
Kerrill,Pydcock,F,kpydcock19@rediff.com
Andree,Whittlesee,F,awhittlesee1a@seattletimes.com
Mariquilla,Domerque,F,mdomerque1b@people.com.cn
Correy,Radki,F,cradki1c@bluehost.com
Yul,Mettetal,M,ymettetal1d@sourceforge.net
Free,Mecco,M,fmecco1e@businessweek.com
Maurie,Chatto,M,mchatto1f@gravatar.com
Chris,Place,M,cplace1g@mtv.com
Tara,Maund,F,tmaund1h@posterous.com
Vasily,Loosmore,M,vloosmore1i@sina.com.cn
Bibbye,Le Bosse,F,blebosse1j@joomla.org
Murdock,Byham,M,mbyham1k@seattletimes.com
Evangeline,Thame,F,ethame1l@telegraph.co.uk
Stephan,Tuffey,M,stuffey1m@histats.com
Teodor,Hackford,M,thackford1n@rakuten.co.jp
Melvyn,Snozzwell,M,msnozzwell1o@feedburner.com
Aloin,Beese,M,abeese1p@aol.com
Candide,Laslett,F,claslett1q@dagondesign.com
Shantee,Nund,F,snund1r@census.gov
Margalit,Parysowna,F,mparysowna1s@dailymotion.com
Andriana,Carlisso,F,acarlisso1t@ovh.net
Tremaine,Cornwell,M,tcornwell1u@last.fm
Pepita,Giff,F,pgiff1v@reuters.com
Coleen,Armit,F,carmit1w@cnn.com
Sofia,Bohlens,F,sbohlens1x@blogger.com
Bobbe,Hutt,F,bhutt1y@cdc.gov
Dulsea,Jowling,F,djowling1z@homestead.com
Thorvald,Reschke,M,treschke20@soundcloud.com
Perl,Stable,F,pstable21@jimdo.com
Antin,Ecclesall,M,aecclesall22@vinaora.com
Sterne,Dubbin,M,sdubbin23@g.co
Suzanne,Taft,F,staft24@com.com
Esta,Hellings,F,ehellings25@cbsnews.com
Junette,Dabs,F,jdabs26@guardian.co.uk
Theodora,Trimmell,F,ttrimmell27@upenn.edu
Evelina,Voase,F,evoase28@usda.gov
Laurice,Lorenzetti,F,llorenzetti29@si.edu
Madelle,Hotton,F,mhotton2a@devhub.com
Rupert,Vasyutochkin,M,rvasyutochkin2b@toplist.cz
Tobiah,Gores,M,tgores2c@pagesperso-orange.fr
Gianni,Saxon,M,gsaxon2d@altervista.org
Eula,Neville,F,eneville2e@narod.ru
Thibaut,Yakutin,M,tyakutin2f@hugedomains.com
Nathanael,Ivanyushkin,M,nivanyushkin2g@utexas.edu
Jeffry,Battersby,M,jbattersby2h@newsvine.com
Sella,Goodbairn,F,sgoodbairn2i@netvibes.com
Helen-elizabeth,Beales,F,hbeales2j@thetimes.co.uk
Fiann,Ettery,F,fettery2k@earthlink.net
Anton,Phelps,M,aphelps2l@seesaa.net
Linoel,Fee,M,lfee2m@bloglovin.com
Annabell,Lindholm,F,alindholm2n@huffingtonpost.com
Moria,Etter,F,metter2o@miitbeian.gov.cn
Karel,MacCallion,F,kmaccallion2p@fastcompany.com
Hogan,Rossander,M,hrossander2q@samsung.com
Annalise,Leese,F,aleese2r@springer.com
