firstName,lastName,gender,email
Giles,Jeanenet,M,gjeanenet0@columbia.edu
Burlie,Torrie,M,btorrie1@gnu.org
Phylis,Bucknill,F,pbucknill2@indiatimes.com
Gabbie,Jennaroy,F,gjennaroy3@photobucket.com
Regine,Kingsman,F,rkingsman4@blogs.com
Murial,Valero,F,mvalero5@last.fm
Juana,Kyston,F,jkyston6@naver.com
Brion,Giorio,M,bgiorio7@wikimedia.org
Clem,Neno,M,cneno8@yolasite.com
Buffy,Longea,F,blongea9@harvard.edu
Sarina,Boydon,F,sboydona@barnesandnoble.com
Booth,Kirkham,M,bkirkhamb@answers.com
Bron,Davydenko,M,bdavydenkoc@scribd.com
Ralf,Lindenbluth,M,rlindenbluthd@twitter.com
Nero,Bach,M,nbache@upenn.edu
Eugen,Seabourne,M,eseabournef@paginegialle.it
Gilles,Keeling,M,gkeelingg@howstuffworks.com
Alta,Varndall,F,avarndallh@ask.com
Linnet,Sarchwell,F,lsarchwelli@squidoo.com
Felipe,Pilgram,M,fpilgramj@google.cn
Jenny,Flindall,F,jflindallk@cam.ac.uk
Gaultiero,Clear,M,gclearl@bandcamp.com
Germaine,Gleadhall,F,ggleadhallm@woothemes.com
Retha,Hackin,F,rhackinn@mapquest.com
Berne,Lothean,M,blotheano@fotki.com
Arlin,Simony,M,asimonyp@newsvine.com
Cloris,Bencher,F,cbencherq@furl.net
Auguste,Nesterov,F,anesterovr@aboutads.info
Jacquie,Gibbetts,F,jgibbettss@webs.com
Cyrillus,Oliphand,M,coliphandt@epa.gov
Conny,Addenbrooke,F,caddenbrookeu@jigsy.com
Lauritz,Peirson,M,lpeirsonv@taobao.com
Rudd,MacCartney,M,rmaccartneyw@cdc.gov
Camile,Planks,F,cplanksx@aol.com
Mufinella,Danilyuk,F,mdanilyuky@tinyurl.com
Willi,Stoakley,F,wstoakleyz@youku.com
Hyacinthia,Enrico,F,henrico10@upenn.edu
Ragnar,Buffey,M,rbuffey11@com.com
Torrie,Stanlock,F,tstanlock12@sciencedaily.com
Aloysius,Grouen,M,agrouen13@altervista.org
Hymie,Lafond,M,hlafond14@yale.edu
Rosina,Gerard,F,rgerard15@weather.com
Stewart,Peterson,M,speterson16@latimes.com
Boniface,Jesson,M,bjesson17@mayoclinic.com
Trumann,Headey,M,theadey18@utexas.edu
Robinet,Borer,M,rborer19@techcrunch.com
Petey,Foynes,M,pfoynes1a@friendfeed.com
Tadeo,Stanlick,M,tstanlick1b@pen.io
Greggory,Marlon,M,gmarlon1c@hubpages.com
Normie,Riddoch,M,nriddoch1d@sourceforge.net
Henry,Nurny,M,hnurny1e@deliciousdays.com
Bryce,Dotterill,M,bdotterill1f@i2i.jp
Yuma,Eyeington,M,yeyeington1g@princeton.edu
Waverly,Kopp,M,wkopp1h@nifty.com
Harmony,Gregory,F,hgregory1i@networksolutions.com
Micheline,Roadknight,F,mroadknight1j@bluehost.com
Dunn,Gossan,M,dgossan1k@oracle.com
Jehanna,Spondley,F,jspondley1l@forbes.com
Gus,Allsopp,F,gallsopp1m@blogs.com
Tandie,Bene,F,tbene1n@google.fr
Mikel,Cuningham,M,mcuningham1o@360.cn
Mala,Dryden,F,mdryden1p@rakuten.co.jp
Bren,Reck,M,breck1q@example.com
Shelbi,Ciobutaro,F,sciobutaro1r@usatoday.com
Jamey,Savoury,M,jsavoury1s@wisc.edu
Anatol,Dumphrey,M,adumphrey1t@lycos.com
Ardith,Faivre,F,afaivre1u@shutterfly.com
Tome,MacClay,M,tmacclay1v@live.com
Cinda,Bolsover,F,cbolsover1w@blog.com
Tabbi,Dunn,F,tdunn1x@google.ca
Hi,Malser,M,hmalser1y@cdc.gov
Lucie,Caesman,F,lcaesman1z@surveymonkey.com
Fidole,Orringe,M,forringe20@wufoo.com
Salvidor,Ryles,M,sryles21@wix.com
See,Crayk,M,scrayk22@live.com
